"CHROM","BIN_START","BIN_END","N_VARIANTS","WEIGHTED_FST","MEAN_FST"
"Cexcelsa_scaf_5",4960001,4965000,50,0.445061,0.244308
"Cexcelsa_scaf_5",5955001,5960000,67,0.429331,0.28543
"Cexcelsa_scaf_5",5850001,5855000,78,0.395081,0.229476
"Cexcelsa_scaf_5",6030001,6035000,40,0.345531,0.214055
"Cexcelsa_scaf_5",4965001,4970000,52,0.336481,0.204895
"Cexcelsa_scaf_5",5820001,5825000,30,0.308672,0.152228
